entry,image_file,label_file,measure_idx,x1_px,y1_px,x2_px,y2_px,width_px,label_value_at_mid
ID14_0_Image,ID14_0_Image.png,ID14_0_Image.tif,0,2540.04,1218.48,2542.02,1218.48,1.979,2
ID14_0_Image,ID14_0_Image.png,ID14_0_Image.tif,1,2541.08,1234.20,2543.06,1234.20,1.979,2
ID14_0_Image,ID14_0_Image.png,ID14_0_Image.tif,2,2541.03,1268.45,2543.01,1268.45,1.979,2
ID14_0_Image,ID14_0_Image.png,ID14_0_Image.tif,3,2047.24,1209.12,2048.96,1209.03,1.720,2
ID14_0_Image,ID14_0_Image.png,ID14_0_Image.tif,4,2040.11,1239.79,2041.91,1239.61,1.812,2
ID14_0_Image,ID14_0_Image.png,ID14_0_Image.tif,5,2040.97,1258.08,2043.03,1258.00,2.064,2
ID14_0_Image,ID14_0_Image.png,ID14_0_Image.tif,6,2051.19,1187.13,2051.96,1189.11,2.122,1
ID14_0_Image,ID14_0_Image.png,ID14_0_Image.tif,7,2042.86,1284.97,2045.01,1284.45,2.209,2
ID14_0_Image,ID14_0_Image.png,ID14_0_Image.tif,8,3126.22,1163.59,3128.11,1163.59,1.890,2
ID14_0_Image,ID14_0_Image.png,ID14_0_Image.tif,9,3112.22,1187.90,3114.28,1189.28,2.478,2
ID14_0_Image,ID14_0_Image.png,ID14_0_Image.tif,10,3098.47,1217.19,3100.19,1218.05,1.921,2
ID14_0_Image,ID14_0_Image.png,ID14_0_Image.tif,11,3090.92,1250.52,3093.06,1250.78,2.163,2
ID14_0_Image,ID14_0_Image.png,ID14_0_Image.tif,12,3089.97,1268.90,3092.12,1268.99,2.150,2
ID14_0_Image,ID14_0_Image.png,ID14_0_Image.tif,13,3087.31,1293.90,3089.28,1294.67,2.122,2
ID14_144_Image,ID14_144_Image.png,ID14_144_Image.tif,0,438.98,162.80,446.68,162.93,7.698,2
ID14_144_Image,ID14_144_Image.png,ID14_144_Image.tif,1,429.98,304.91,435.89,305.18,5.916,2
ID14_144_Image,ID14_144_Image.png,ID14_144_Image.tif,2,423.04,377.96,428.74,376.72,5.837,2
ID14_144_Image,ID14_144_Image.png,ID14_144_Image.tif,3,474.85,420.63,479.52,416.30,6.370,2
ID14_144_Image,ID14_144_Image.png,ID14_144_Image.tif,4,469.83,410.25,473.13,408.54,3.720,2
ID14_144_Image,ID14_144_Image.png,ID14_144_Image.tif,5,471.76,505.02,474.10,507.08,3.117,2
ID14_144_Image,ID14_144_Image.png,ID14_144_Image.tif,6,457.95,531.20,459.80,533.61,3.037,2
ID14_144_Image,ID14_144_Image.png,ID14_144_Image.tif,7,453.00,556.35,455.54,556.15,2.550,2
ID14_144_Image,ID14_144_Image.png,ID14_144_Image.tif,8,422.97,587.55,423.31,590.58,3.043,2
ID14_144_Image,ID14_144_Image.png,ID14_144_Image.tif,9,332.02,586.87,332.86,589.89,3.134,2
ID14_144_Image,ID14_144_Image.png,ID14_144_Image.tif,10,306.35,604.32,309.20,603.98,2.872,1
ID14_144_Image,ID14_144_Image.png,ID14_144_Image.tif,11,1062.21,699.92,1071.91,697.04,10.119,2
ID14_144_Image,ID14_144_Image.png,ID14_144_Image.tif,12,1042.81,651.43,1052.51,650.12,9.787,2
ID14_144_Image,ID14_144_Image.png,ID14_144_Image.tif,13,1050.93,573.57,1060.63,574.36,9.732,2
ID14_144_Image,ID14_144_Image.png,ID14_144_Image.tif,14,1085.01,765.99,1094.45,764.94,9.495,2
ID14_144_Image,ID14_144_Image.png,ID14_144_Image.tif,15,1094.71,832.31,1103.89,826.80,10.700,2
ID14_144_Image,ID14_144_Image.png,ID14_144_Image.tif,16,1025.51,1120.40,1029.70,1126.96,7.782,2
ID14_144_Image,ID14_144_Image.png,ID14_144_Image.tif,17,1049.89,1085.01,1058.54,1089.47,9.730,2
ID14_144_Image,ID14_144_Image.png,ID14_144_Image.tif,18,1042.81,1265.63,1050.41,1264.58,7.674,2
ID14_144_Image,ID14_144_Image.png,ID14_144_Image.tif,19,1033.37,1207.70,1039.40,1204.55,6.800,2
ID14_144_Image,ID14_144_Image.png,ID14_144_Image.tif,20,1009.78,1138.49,1019.48,1138.75,9.703,2
ID14_144_Image,ID14_144_Image.png,ID14_144_Image.tif,21,1087.37,982.78,1099.43,983.30,12.070,2
ID14_144_Image,ID14_144_Image.png,ID14_144_Image.tif,22,1085.80,1034.16,1092.88,1031.80,7.461,2
ID14_144_Image,ID14_144_Image.png,ID14_144_Image.tif,23,1082.13,1045.43,1084.75,1053.03,8.041,2
ID14_144_Image,ID14_144_Image.png,ID14_144_Image.tif,24,1108.87,933.23,1118.83,937.69,10.913,2
ID14_144_Image,ID14_144_Image.png,ID14_144_Image.tif,25,1122.24,886.83,1131.15,891.29,9.965,2
ID14_144_Image,ID14_144_Image.png,ID14_144_Image.tif,26,1069.29,503.58,1077.67,508.56,9.756,2
ID14_144_Image,ID14_144_Image.png,ID14_144_Image.tif,27,1078.46,470.55,1087.63,471.60,9.235,2
ID14_144_Image,ID14_144_Image.png,ID14_144_Image.tif,28,1073.22,426.25,1079.25,431.49,7.990,2
ID14_144_Image,ID14_144_Image.png,ID14_144_Image.tif,29,1095.76,368.57,1102.84,370.93,7.461,2
ID14_144_Image,ID14_144_Image.png,ID14_144_Image.tif,30,1053.56,169.61,1062.47,169.34,8.917,2
ID14_144_Image,ID14_144_Image.png,ID14_144_Image.tif,31,1073.48,261.36,1081.34,257.16,8.913,2
ID14_144_Image,ID14_144_Image.png,ID14_144_Image.tif,32,1131.68,336.33,1131.68,333.97,2.360,3
ID14_144_Image,ID14_144_Image.png,ID14_144_Image.tif,33,1202.45,340.00,1202.19,337.90,2.113,1
ID14_144_Image,ID14_144_Image.png,ID14_144_Image.tif,34,1241.78,335.54,1241.78,333.97,1.573,2
ID14_144_Image,ID14_144_Image.png,ID14_144_Image.tif,35,1021.05,456.92,1020.00,455.34,1.891,2
ID14_144_Image,ID14_144_Image.png,ID14_144_Image.tif,36,1044.91,445.38,1044.91,443.29,2.097,2
ID14_144_Image,ID14_144_Image.png,ID14_144_Image.tif,37,990.38,456.13,991.95,454.03,2.622,2
ID14_144_Image,ID14_144_Image.png,ID14_144_Image.tif,38,1474.56,370.41,1477.97,369.88,3.448,2
ID14_144_Image,ID14_144_Image.png,ID14_144_Image.tif,39,1471.68,336.59,1474.82,335.81,3.243,2
ID14_144_Image,ID14_144_Image.png,ID14_144_Image.tif,40,1465.91,290.19,1469.06,290.19,3.146,2
ID14_144_Image,ID14_144_Image.png,ID14_144_Image.tif,41,1472.72,272.37,1474.56,274.20,2.595,2
ID14_144_Image,ID14_144_Image.png,ID14_144_Image.tif,42,1462.50,245.37,1465.38,243.27,3.566,2
ID14_144_Image,ID14_144_Image.png,ID14_144_Image.tif,43,1419.51,402.13,1418.98,398.72,3.448,2
ID14_144_Image,ID14_144_Image.png,ID14_144_Image.tif,44,1589.90,457.44,1593.31,456.13,3.651,2
ID14_144_Image,ID14_144_Image.png,ID14_144_Image.tif,45,1571.03,495.71,1574.17,497.29,3.517,1
ID14_144_Image,ID14_144_Image.png,ID14_144_Image.tif,46,1636.30,720.11,1639.71,719.06,3.566,2
ID14_144_Image,ID14_144_Image.png,ID14_144_Image.tif,47,1607.73,613.68,1611.40,611.32,4.363,2
ID14_144_Image,ID14_144_Image.png,ID14_144_Image.tif,48,1598.55,779.62,1598.29,774.37,5.250,2
ID14_144_Image,ID14_144_Image.png,ID14_144_Image.tif,49,1529.09,776.21,1528.30,770.18,6.080,2
ID14_144_Image,ID14_144_Image.png,ID14_144_Image.tif,50,1443.63,763.36,1443.37,757.60,5.773,2
ID14_144_Image,ID14_144_Image.png,ID14_144_Image.tif,51,1690.83,992.22,1697.12,988.02,7.561,2
ID14_144_Image,ID14_144_Image.png,ID14_144_Image.tif,52,1680.08,929.04,1686.90,924.84,8.003,2
ID14_144_Image,ID14_144_Image.png,ID14_144_Image.tif,53,1719.93,1067.45,1727.27,1065.62,7.566,2
ID14_144_Image,ID14_144_Image.png,ID14_144_Image.tif,54,1736.44,1076.10,1739.06,1081.08,5.628,2
ID14_144_Image,ID14_144_Image.png,ID14_144_Image.tif,55,1770.78,1076.10,1768.69,1069.81,6.631,2
ID14_144_Image,ID14_144_Image.png,ID14_144_Image.tif,56,1666.45,1101.01,1668.28,1103.89,3.417,2
ID14_144_Image,ID14_144_Image.png,ID14_144_Image.tif,57,1648.36,886.05,1653.87,882.38,6.616,2
ID14_144_Image,ID14_144_Image.png,ID14_144_Image.tif,58,1634.10,346.28,1636.38,346.01,2.298,2
ID14_144_Image,ID14_144_Image.png,ID14_144_Image.tif,59,1637.05,324.54,1639.60,324.67,2.554,2
ID14_144_Image,ID14_144_Image.png,ID14_144_Image.tif,60,1634.37,314.74,1636.65,313.26,2.718,2
ID14_144_Image,ID14_144_Image.png,ID14_144_Image.tif,61,1632.89,303.74,1635.85,303.47,2.965,2
ID14_144_Image,ID14_144_Image.png,ID14_144_Image.tif,62,1572.23,402.38,1573.30,399.83,2.767,2
ID14_144_Image,ID14_144_Image.png,ID14_144_Image.tif,63,1544.17,392.99,1545.38,389.63,3.567,2
ID14_144_Image,ID14_144_Image.png,ID14_144_Image.tif,64,1870.86,375.14,1870.86,376.75,1.610,2
ID14_144_Image,ID14_144_Image.png,ID14_144_Image.tif,65,1837.31,393.53,1838.65,395.27,2.202,2
ID14_144_Image,ID14_144_Image.png,ID14_144_Image.tif,66,1814.22,406.95,1815.16,408.02,1.427,2
ID14_144_Image,ID14_144_Image.png,ID14_144_Image.tif,67,1869.38,722.76,1871.80,725.72,3.815,2
ID14_144_Image,ID14_144_Image.png,ID14_144_Image.tif,68,1851.53,752.16,1853.55,755.24,3.685,2
ID14_144_Image,ID14_144_Image.png,ID14_144_Image.tif,69,1858.78,735.65,1860.80,737.79,2.945,2
ID14_144_Image,ID14_144_Image.png,ID14_144_Image.tif,70,1822.81,765.31,1825.09,767.32,3.044,2
ID14_144_Image,ID14_144_Image.png,ID14_144_Image.tif,71,2117.28,801.28,2117.96,801.15,0.684,1
ID14_144_Image,ID14_144_Image.png,ID14_144_Image.tif,72,2116.08,777.12,2117.02,776.99,0.949,1
ID14_144_Image,ID14_144_Image.png,ID14_144_Image.tif,73,2083.86,733.90,2084.94,733.10,1.343,1
ID14_144_Image,ID14_144_Image.png,ID14_144_Image.tif,74,2122.65,885.43,2124.93,885.43,2.282,2
ID14_144_Image,ID14_144_Image.png,ID14_144_Image.tif,75,2124.00,922.75,2126.14,922.75,2.147,2
ID14_144_Image,ID14_144_Image.png,ID14_144_Image.tif,76,2203.05,924.89,2201.30,919.12,6.029,2
ID14_144_Image,ID14_144_Image.png,ID14_144_Image.tif,77,2220.90,916.30,2219.83,910.67,5.738,2
ID14_144_Image,ID14_144_Image.png,ID14_144_Image.tif,78,2239.29,918.18,2236.60,912.28,6.487,2
ID14_144_Image,ID14_144_Image.png,ID14_144_Image.tif,79,2183.05,928.92,2181.04,925.16,4.263,2
ID14_144_Image,ID14_144_Image.png,ID14_144_Image.tif,80,2311.77,868.25,2309.89,863.29,5.310,2
ID14_144_Image,ID14_144_Image.png,ID14_144_Image.tif,81,2327.47,871.34,2327.20,866.64,4.705,2
ID14_144_Image,ID14_144_Image.png,ID14_144_Image.tif,82,2355.79,865.84,2357.00,861.41,4.592,2
ID14_144_Image,ID14_144_Image.png,ID14_144_Image.tif,83,2314.32,849.06,2311.77,849.06,2.550,2
ID14_144_Image,ID14_144_Image.png,ID14_144_Image.tif,84,2307.87,811.08,2311.09,810.54,3.265,2
ID14_144_Image,ID14_144_Image.png,ID14_144_Image.tif,85,2384.11,892.68,2387.20,889.73,4.272,2
ID14_144_Image,ID14_144_Image.png,ID14_144_Image.tif,86,2420.21,907.18,2421.56,902.61,4.757,2
ID14_144_Image,ID14_144_Image.png,ID14_144_Image.tif,87,2444.91,939.12,2447.86,936.44,3.990,2
ID14_144_Image,ID14_144_Image.png,ID14_144_Image.tif,88,2479.94,929.19,2479.67,932.28,3.099,2
ID14_144_Image,ID14_144_Image.png,ID14_144_Image.tif,89,2457.66,987.84,2460.88,989.72,3.730,2
ID14_144_Image,ID14_144_Image.png,ID14_144_Image.tif,90,2472.56,1087.97,2475.65,1085.82,3.761,2
ID14_144_Image,ID14_144_Image.png,ID14_144_Image.tif,91,2547.72,1192.12,2552.82,1191.72,5.116,2
ID14_144_Image,ID14_144_Image.png,ID14_144_Image.tif,92,2548.93,1256.95,2553.76,1256.68,4.839,2
ID14_144_Image,ID14_144_Image.png,ID14_144_Image.tif,93,2550.14,938.32,2549.60,933.35,4.995,2
ID14_144_Image,ID14_144_Image.png,ID14_144_Image.tif,94,2802.60,834.30,2804.48,830.40,4.322,2
ID14_144_Image,ID14_144_Image.png,ID14_144_Image.tif,95,2788.78,807.72,2784.75,807.45,4.036,2
ID14_144_Image,ID14_144_Image.png,ID14_144_Image.tif,96,2820.72,723.03,2823.94,725.72,4.193,2
ID14_144_Image,ID14_144_Image.png,ID14_144_Image.tif,97,3264.85,727.19,3269.28,726.79,4.447,2
ID14_144_Image,ID14_144_Image.png,ID14_144_Image.tif,98,3301.35,895.90,3307.93,900.60,8.083,2
ID14_144_Image,ID14_144_Image.png,ID14_144_Image.tif,99,3290.08,930.93,3294.51,934.42,5.639,2
ID14_144_Image,ID14_144_Image.png,ID14_144_Image.tif,100,3219.08,938.32,3218.81,930.80,7.521,2
ID14_144_Image,ID14_144_Image.png,ID14_144_Image.tif,101,2019.77,1123.23,2018.09,1114.43,8.966,2
ID14_144_Image,ID14_144_Image.png,ID14_144_Image.tif,102,2056.26,1112.96,2057.10,1102.47,10.519,2
ID14_144_Image,ID14_144_Image.png,ID14_144_Image.tif,103,2061.71,1142.95,2069.89,1141.27,8.349,2
ID14_144_Image,ID14_144_Image.png,ID14_144_Image.tif,104,2108.27,1098.28,2105.33,1093.45,5.647,2
ID14_144_Image,ID14_144_Image.png,ID14_144_Image.tif,105,2073.45,1192.44,2081.42,1192.23,7.972,2
ID14_144_Image,ID14_144_Image.png,ID14_144_Image.tif,106,2067.79,1250.95,2074.08,1249.90,6.378,2
ID14_144_Image,ID14_144_Image.png,ID14_144_Image.tif,107,3588.42,112.07,3600.55,111.74,12.128,2
ID14_144_Image,ID14_144_Image.png,ID14_144_Image.tif,108,3588.10,161.55,3601.86,161.55,13.763,2
ID14_144_Image,ID14_144_Image.png,ID14_144_Image.tif,109,3585.80,222.82,3595.96,223.48,10.179,2
ID14_144_Image,ID14_144_Image.png,ID14_144_Image.tif,110,3584.49,259.19,3594.32,261.16,10.025,2
ID14_144_Image,ID14_144_Image.png,ID14_144_Image.tif,111,3568.43,319.82,3577.28,321.78,9.064,2
ID14_144_Image,ID14_144_Image.png,ID14_144_Image.tif,112,3553.69,390.27,3561.55,393.22,8.399,2
ID14_144_Image,ID14_144_Image.png,ID14_144_Image.tif,113,3568.76,425.66,3571.38,419.10,7.058,2
ID14_144_Image,ID14_144_Image.png,ID14_144_Image.tif,114,3602.84,459.41,3609.07,455.80,7.194,2
ID14_144_Image,ID14_144_Image.png,ID14_144_Image.tif,115,3608.74,483.00,3617.91,483.00,9.175,2
ID14_144_Image,ID14_144_Image.png,ID14_144_Image.tif,116,3616.28,535.43,3624.80,532.81,8.914,2
ID14_144_Image,ID14_144_Image.png,ID14_144_Image.tif,117,3629.06,567.54,3634.30,562.63,7.187,2
ID14_144_Image,ID14_144_Image.png,ID14_144_Image.tif,118,3628.07,591.13,3636.59,592.45,8.620,2
ID14_144_Image,ID14_144_Image.png,ID14_144_Image.tif,119,3640.53,658.31,3648.72,655.36,8.707,2
ID14_144_Image,ID14_144_Image.png,ID14_144_Image.tif,120,3633.64,636.03,3641.51,632.42,8.651,2
ID14_144_Image,ID14_144_Image.png,ID14_144_Image.tif,121,3652.98,699.27,3660.19,699.27,7.209,2
ID14_144_Image,ID14_144_Image.png,ID14_144_Image.tif,122,3620.54,723.85,3612.34,719.59,9.233,2
ID14_144_Image,ID14_144_Image.png,ID14_144_Image.tif,123,3594.32,754.32,3590.06,747.77,7.816,2
ID14_144_Image,ID14_144_Image.png,ID14_144_Image.tif,124,3556.97,771.69,3549.76,765.46,9.525,2
ID14_144_Image,ID14_144_Image.png,ID14_144_Image.tif,125,3514.37,785.78,3510.11,778.57,8.374,2
ID14_144_Image,ID14_144_Image.png,ID14_144_Image.tif,126,3872.85,580.32,3878.42,580.98,5.608,2
ID14_144_Image,ID14_144_Image.png,ID14_144_Image.tif,127,3878.75,544.60,3882.03,546.24,3.664,2
ID14_144_Image,ID14_144_Image.png,ID14_144_Image.tif,128,4038.98,744.82,4041.93,738.26,7.187,2
ID14_144_Image,ID14_144_Image.png,ID14_144_Image.tif,129,4132.37,626.85,4133.36,623.25,3.737,2
ID14_144_Image,ID14_144_Image.png,ID14_144_Image.tif,130,4112.71,604.90,4117.30,601.29,5.833,2
ID14_144_Image,ID14_144_Image.png,ID14_144_Image.tif,131,4079.94,544.28,4084.53,541.65,5.283,2
ID14_144_Image,ID14_144_Image.png,ID14_144_Image.tif,132,4082.24,803.80,4085.84,799.54,5.581,2
ID14_144_Image,ID14_144_Image.png,ID14_144_Image.tif,133,4082.32,860.88,4087.35,859.41,5.243,2
ID14_144_Image,ID14_144_Image.png,ID14_144_Image.tif,134,4100.77,926.73,4104.97,924.42,4.786,2
ID14_144_Image,ID14_144_Image.png,ID14_144_Image.tif,135,4501.96,907.86,4507.41,901.57,8.325,2
ID14_144_Image,ID14_144_Image.png,ID14_144_Image.tif,136,4460.01,845.78,4466.51,845.57,6.504,2
ID14_144_Image,ID14_144_Image.png,ID14_144_Image.tif,137,4407.88,544.09,4413.92,542.41,6.269,2
ID14_144_Image,ID14_144_Image.png,ID14_144_Image.tif,138,4384.22,442.42,4391.10,441.58,6.930,2
ID14_144_Image,ID14_144_Image.png,ID14_144_Image.tif,139,4386.23,359.70,4391.77,365.74,8.193,2
ID14_144_Image,ID14_144_Image.png,ID14_144_Image.tif,140,4485.89,194.78,4490.93,197.80,5.870,2
ID14_144_Image,ID14_144_Image.png,ID14_144_Image.tif,141,4494.95,145.63,4502.33,145.79,7.384,2
ID14_144_Image,ID14_144_Image.png,ID14_144_Image.tif,142,4763.55,858.78,4767.09,858.78,3.544,2
ID14_144_Image,ID14_144_Image.png,ID14_144_Image.tif,143,4802.42,817.12,4803.28,813.90,3.335,2
ID14_144_Image,ID14_144_Image.png,ID14_144_Image.tif,144,4853.64,824.20,4853.53,821.63,2.579,2
ID14_144_Image,ID14_144_Image.png,ID14_144_Image.tif,145,4748.94,687.62,4753.03,686.66,4.194,2
ID14_144_Image,ID14_144_Image.png,ID14_144_Image.tif,146,4748.84,661.32,4753.03,661.00,4.200,2
ID14_144_Image,ID14_144_Image.png,ID14_144_Image.tif,147,4746.58,713.72,4749.05,713.61,2.472,2
ID14_144_Image,ID14_144_Image.png,ID14_144_Image.tif,148,4743.76,142.61,4750.68,143.44,6.971,2
ID14_144_Image,ID14_144_Image.png,ID14_144_Image.tif,149,4745.02,232.99,4751.94,233.62,6.950,2
ID14_144_Image,ID14_144_Image.png,ID14_144_Image.tif,150,4737.68,256.48,4746.06,255.64,8.431,2
ID14_144_Image,ID14_144_Image.png,ID14_144_Image.tif,151,4724.25,316.25,4729.71,317.09,5.517,2
ID8_176_Image,ID8_176_Image.png,ID8_176_Image.tif,0,110.90,470.98,109.84,462.09,8.950,2
ID8_176_Image,ID8_176_Image.png,ID8_176_Image.tif,1,202.25,464.58,202.61,455.69,8.894,2
ID8_176_Image,ID8_176_Image.png,ID8_176_Image.tif,2,311.02,449.65,309.96,444.32,5.438,2
ID8_176_Image,ID8_176_Image.png,ID8_176_Image.tif,3,278.68,464.94,277.25,457.12,7.948,2
ID8_176_Image,ID8_176_Image.png,ID8_176_Image.tif,4,298.23,483.42,302.49,483.06,4.280,2
ID8_176_Image,ID8_176_Image.png,ID8_176_Image.tif,5,301.78,532.83,306.76,532.47,4.990,2
ID8_176_Image,ID8_176_Image.png,ID8_176_Image.tif,6,343.01,603.92,343.01,598.23,5.687,2
ID8_176_Image,ID8_176_Image.png,ID8_176_Image.tif,7,400.60,619.91,402.73,615.29,5.090,2
ID8_176_Image,ID8_176_Image.png,ID8_176_Image.tif,8,375.00,442.54,374.65,435.79,6.763,2
ID8_176_Image,ID8_176_Image.png,ID8_176_Image.tif,9,452.85,382.47,448.94,379.27,5.052,2
ID8_176_Image,ID8_176_Image.png,ID8_176_Image.tif,10,452.85,633.78,454.63,640.17,6.641,2
ID8_176_Image,ID8_176_Image.png,ID8_176_Image.tif,11,407.71,683.18,410.91,686.03,4.280,2
ID8_176_Image,ID8_176_Image.png,ID8_176_Image.tif,12,398.46,730.11,402.02,731.17,3.711,2
ID8_176_Image,ID8_176_Image.png,ID8_176_Image.tif,13,360.79,825.72,364.34,828.21,4.338,2
ID8_176_Image,ID8_176_Image.png,ID8_176_Image.tif,14,635.71,629.38,640.11,626.40,5.314,2
ID8_176_Image,ID8_176_Image.png,ID8_176_Image.tif,15,675.07,651.89,676.34,645.93,6.096,2
ID8_176_Image,ID8_176_Image.png,ID8_176_Image.tif,16,698.33,657.03,700.34,651.37,6.013,2
ID8_176_Image,ID8_176_Image.png,ID8_176_Image.tif,17,626.69,604.18,630.12,602.10,4.014,2
ID8_176_Image,ID8_176_Image.png,ID8_176_Image.tif,18,601.30,288.64,603.67,284.82,4.495,2
ID8_176_Image,ID8_176_Image.png,ID8_176_Image.tif,19,618.05,305.93,620.96,303.56,3.752,2
ID8_176_Image,ID8_176_Image.png,ID8_176_Image.tif,20,656.81,314.67,655.36,310.30,4.604,2
ID8_176_Image,ID8_176_Image.png,ID8_176_Image.tif,21,697.03,313.76,695.58,309.93,4.090,2
ID8_176_Image,ID8_176_Image.png,ID8_176_Image.tif,22,747.99,324.68,750.54,319.94,5.374,2
ID8_176_Image,ID8_176_Image.png,ID8_176_Image.tif,23,1943.87,532.88,1944.05,527.78,5.098,2
ID8_176_Image,ID8_176_Image.png,ID8_176_Image.tif,24,1781.53,573.82,1784.08,579.83,6.524,2
ID8_176_Image,ID8_176_Image.png,ID8_176_Image.tif,25,1725.29,766.89,1730.18,764.23,5.567,2
ID8_176_Image,ID8_176_Image.png,ID8_176_Image.tif,26,2141.62,694.91,2148.73,693.58,7.233,2
ID8_176_Image,ID8_176_Image.png,ID8_176_Image.tif,27,2884.52,255.52,2882.62,261.05,5.848,2
ID8_176_Image,ID8_176_Image.png,ID8_176_Image.tif,28,2795.70,204.71,2802.69,205.87,7.085,2
ID8_176_Image,ID8_176_Image.png,ID8_176_Image.tif,29,2776.05,252.75,2781.14,257.41,6.905,2
ID8_176_Image,ID8_176_Image.png,ID8_176_Image.tif,30,2829.77,89.25,2835.16,89.25,5.387,2
ID8_176_Image,ID8_176_Image.png,ID8_176_Image.tif,31,3254.62,460.95,3258.55,465.76,6.207,2
ID8_176_Image,ID8_176_Image.png,ID8_176_Image.tif,32,3239.04,463.43,3243.55,459.20,6.181,2
ID8_176_Image,ID8_176_Image.png,ID8_176_Image.tif,33,3236.13,476.97,3240.06,481.33,5.876,2
ID8_176_Image,ID8_176_Image.png,ID8_176_Image.tif,34,3296.55,431.69,3301.64,436.20,6.808,2
ID8_176_Image,ID8_176_Image.png,ID8_176_Image.tif,35,3194.49,437.07,3196.82,432.42,5.209,2
ID8_176_Image,ID8_176_Image.png,ID8_176_Image.tif,36,3189.97,530.11,3195.80,534.33,7.193,2
ID8_176_Image,ID8_176_Image.png,ID8_176_Image.tif,37,3328.29,407.52,3332.66,412.61,6.710,2
ID8_176_Image,ID8_176_Image.png,ID8_176_Image.tif,38,3348.82,412.03,3351.58,409.41,3.811,2
ID8_176_Image,ID8_176_Image.png,ID8_176_Image.tif,39,3353.47,390.92,3350.27,387.28,4.849,2
ID8_176_Image,ID8_176_Image.png,ID8_176_Image.tif,40,2977.12,932.88,2977.90,931.92,1.231,1
ID8_176_Image,ID8_176_Image.png,ID8_176_Image.tif,41,2957.92,906.46,2959.77,905.09,2.302,2
ID8_176_Image,ID8_176_Image.png,ID8_176_Image.tif,42,2943.01,887.91,2945.16,886.06,2.833,2
ID8_176_Image,ID8_176_Image.png,ID8_176_Image.tif,43,2933.77,865.73,2936.99,863.88,3.714,2
ID8_176_Image,ID8_176_Image.png,ID8_176_Image.tif,44,2930.84,858.45,2934.12,856.54,3.795,2
ID8_176_Image,ID8_176_Image.png,ID8_176_Image.tif,45,2922.61,838.30,2925.24,836.75,3.048,2
ID8_176_Image,ID8_176_Image.png,ID8_176_Image.tif,46,2917.43,827.98,2919.99,824.58,4.258,2
ID8_176_Image,ID8_176_Image.png,ID8_176_Image.tif,47,2900.39,809.07,2904.46,807.03,4.557,2
ID8_176_Image,ID8_176_Image.png,ID8_176_Image.tif,48,2892.52,791.74,2896.31,788.68,4.865,2
ID8_176_Image,ID8_176_Image.png,ID8_176_Image.tif,49,2889.03,773.98,2892.52,771.94,4.046,2
ID8_176_Image,ID8_176_Image.png,ID8_176_Image.tif,50,2869.81,750.83,2873.74,749.37,4.192,2
ID8_176_Image,ID8_176_Image.png,ID8_176_Image.tif,51,2863.26,731.03,2867.19,728.41,4.724,2
ID8_176_Image,ID8_176_Image.png,ID8_176_Image.tif,52,2857.73,719.67,2861.37,716.91,4.571,2
ID9_176_Image,ID9_176_Image.png,ID9_176_Image.tif,0,450.99,1015.20,453.88,1015.48,2.902,2
ID9_176_Image,ID9_176_Image.png,ID9_176_Image.tif,1,460.96,944.38,463.01,944.29,2.052,2
ID9_176_Image,ID9_176_Image.png,ID9_176_Image.tif,2,452.86,880.55,454.91,880.74,2.058,2
ID9_176_Image,ID9_176_Image.png,ID9_176_Image.tif,3,461.24,751.87,461.99,752.62,1.054,1
ID9_176_Image,ID9_176_Image.png,ID9_176_Image.tif,4,479.13,735.66,479.79,736.40,0.991,1
ID9_176_Image,ID9_176_Image.png,ID9_176_Image.tif,5,454.07,806.76,455.00,806.66,0.937,1
ID9_176_Image,ID9_176_Image.png,ID9_176_Image.tif,6,823.81,789.05,828.09,788.77,4.295,2
ID9_176_Image,ID9_176_Image.png,ID9_176_Image.tif,7,810.02,735.47,814.02,734.54,4.114,2
ID9_176_Image,ID9_176_Image.png,ID9_176_Image.tif,8,828.65,829.77,832.66,829.12,4.060,2
ID9_176_Image,ID9_176_Image.png,ID9_176_Image.tif,9,1073.72,830.98,1077.07,830.98,3.354,2
ID9_176_Image,ID9_176_Image.png,ID9_176_Image.tif,10,1078.66,777.50,1082.20,777.59,3.542,2
ID9_176_Image,ID9_176_Image.png,ID9_176_Image.tif,11,1082.38,737.52,1084.81,737.52,2.422,2
ID9_176_Image,ID9_176_Image.png,ID9_176_Image.tif,12,1434.79,826.70,1436.00,826.70,1.211,2
ID9_176_Image,ID9_176_Image.png,ID9_176_Image.tif,13,1444.02,784.86,1445.04,785.04,1.042,1
ID9_176_Image,ID9_176_Image.png,ID9_176_Image.tif,14,1434.88,760.26,1435.82,758.67,1.838,2
ID9_176_Image,ID9_176_Image.png,ID9_176_Image.tif,15,1405.16,735.94,1406.19,735.47,1.126,2
ID9_176_Image,ID9_176_Image.png,ID9_176_Image.tif,16,1674.36,828.84,1676.97,828.75,2.611,2
ID9_176_Image,ID9_176_Image.png,ID9_176_Image.tif,17,1670.72,747.87,1673.61,747.12,2.983,2
ID9_176_Image,ID9_176_Image.png,ID9_176_Image.tif,18,1672.22,784.02,1674.92,784.21,2.708,2
ID9_176_Image,ID9_176_Image.png,ID9_176_Image.tif,19,1672.12,730.72,1675.10,730.63,2.983,2
ID9_176_Image,ID9_176_Image.png,ID9_176_Image.tif,20,2007.94,828.75,2009.99,828.75,2.050,2
ID9_176_Image,ID9_176_Image.png,ID9_176_Image.tif,21,2009.06,782.25,2011.11,782.06,2.059,2
ID9_176_Image,ID9_176_Image.png,ID9_176_Image.tif,22,2003.01,731.19,2005.99,731.09,2.983,2
ID9_176_Image,ID9_176_Image.png,ID9_176_Image.tif,23,2402.01,826.23,2404.99,826.23,2.981,2
ID9_176_Image,ID9_176_Image.png,ID9_176_Image.tif,24,2409.18,769.30,2412.91,769.39,3.729,2
ID9_176_Image,ID9_176_Image.png,ID9_176_Image.tif,25,2411.23,733.70,2415.05,733.52,3.826,2
ID9_176_Image,ID9_176_Image.png,ID9_176_Image.tif,26,2944.03,830.80,2948.32,830.80,4.286,2
ID9_176_Image,ID9_176_Image.png,ID9_176_Image.tif,27,2942.54,781.88,2947.20,781.78,4.660,2
ID9_176_Image,ID9_176_Image.png,ID9_176_Image.tif,28,2943.01,744.61,2946.64,743.30,3.861,2
ID9_176_Image,ID9_176_Image.png,ID9_176_Image.tif,29,3371.73,831.08,3375.74,833.31,4.589,2
ID9_176_Image,ID9_176_Image.png,ID9_176_Image.tif,30,3374.06,786.16,3378.07,786.26,4.007,2
ID9_176_Image,ID9_176_Image.png,ID9_176_Image.tif,31,3381.24,738.36,3385.99,740.41,5.176,2
ID2_27_Image,ID2_27_Image.png,ID2_27_Image.tif,0,2817.85,1213.80,2822.78,1213.30,4.951,2
ID2_27_Image,ID2_27_Image.png,ID2_27_Image.tif,1,2816.87,1156.33,2823.76,1155.51,6.945,2
ID2_27_Image,ID2_27_Image.png,ID2_27_Image.tif,2,2810.96,1081.14,2817.03,1079.00,6.438,2
ID2_27_Image,ID2_27_Image.png,ID2_27_Image.tif,3,2797.82,1014.97,2804.72,1013.82,6.991,2
ID2_27_Image,ID2_27_Image.png,ID2_27_Image.tif,4,2786.66,944.87,2792.24,944.05,5.642,2
ID2_27_Image,ID2_27_Image.png,ID2_27_Image.tif,5,2783.05,915.97,2789.94,912.85,7.568,2
ID2_27_Image,ID2_27_Image.png,ID2_27_Image.tif,6,2775.66,793.82,2778.94,793.65,3.287,2
ID2_27_Image,ID2_27_Image.png,ID2_27_Image.tif,7,2774.18,693.01,2776.64,692.36,2.549,2
ID2_27_Image,ID2_27_Image.png,ID2_27_Image.tif,8,2769.26,669.53,2770.41,669.04,1.251,2
ID2_27_Image,ID2_27_Image.png,ID2_27_Image.tif,9,2774.34,650.82,2775.82,652.46,2.209,2
ID2_27_Image,ID2_27_Image.png,ID2_27_Image.tif,10,2763.84,648.35,2765.48,647.21,2.004,2
ID2_27_Image,ID2_27_Image.png,ID2_27_Image.tif,11,2742.82,678.24,2742.99,675.77,2.467,2
ID2_27_Image,ID2_27_Image.png,ID2_27_Image.tif,12,2739.70,612.40,2741.34,611.41,1.915,2
ID2_27_Image,ID2_27_Image.png,ID2_27_Image.tif,13,2676.99,687.43,2676.49,685.46,2.031,2
ID2_27_Image,ID2_27_Image.png,ID2_27_Image.tif,14,2827.70,631.77,2826.72,629.47,2.501,2
ID2_27_Image,ID2_27_Image.png,ID2_27_Image.tif,15,2887.63,600.09,2886.97,598.28,1.922,2
ID2_27_Image,ID2_27_Image.png,ID2_27_Image.tif,16,2599.49,683.65,2600.31,682.01,1.836,2
ID2_27_Image,ID2_27_Image.png,ID2_27_Image.tif,17,2505.25,637.35,2506.07,633.74,3.704,2
ID2_27_Image,ID2_27_Image.png,ID2_27_Image.tif,18,2471.10,627.01,2473.89,625.37,3.238,2
ID2_27_Image,ID2_27_Image.png,ID2_27_Image.tif,19,2441.38,614.04,2442.86,611.74,2.732,2
ID2_27_Image,ID2_27_Image.png,ID2_27_Image.tif,20,2395.41,592.86,2396.23,589.90,3.068,2
ID2_27_Image,ID2_27_Image.png,ID2_27_Image.tif,21,2367.83,588.43,2366.52,586.46,2.368,2
ID2_27_Image,ID2_27_Image.png,ID2_27_Image.tif,22,2377.03,569.05,2378.83,568.73,1.836,2
ID2_27_Image,ID2_27_Image.png,ID2_27_Image.tif,23,2377.52,545.74,2379.32,544.75,2.058,2
ID2_27_Image,ID2_27_Image.png,ID2_27_Image.tif,24,2374.56,516.35,2376.86,516.35,2.299,2
ID2_27_Image,ID2_27_Image.png,ID2_27_Image.tif,25,2338.93,597.62,2338.11,595.82,1.984,2
ID2_27_Image,ID2_27_Image.png,ID2_27_Image.tif,26,2284.26,617.49,2283.28,615.52,2.203,1
ID2_27_Image,ID2_27_Image.png,ID2_27_Image.tif,27,2242.89,628.98,2241.74,626.68,2.570,2
ID2_27_Image,ID2_27_Image.png,ID2_27_Image.tif,28,2374.07,456.59,2376.70,456.59,2.627,2
ID2_27_Image,ID2_27_Image.png,ID2_27_Image.tif,29,2375.55,420.63,2377.68,420.63,2.135,2
ID2_27_Image,ID2_27_Image.png,ID2_27_Image.tif,30,2367.17,339.86,2370.46,338.87,3.429,2
ID2_27_Image,ID2_27_Image.png,ID2_27_Image.tif,31,2345.34,252.51,2347.97,252.18,2.648,2
ID2_27_Image,ID2_27_Image.png,ID2_27_Image.tif,32,2341.89,228.38,2345.01,228.38,3.120,2
ID2_27_Image,ID2_27_Image.png,ID2_27_Image.tif,33,2341.07,168.12,2343.86,167.96,2.796,2
ID2_27_Image,ID2_27_Image.png,ID2_27_Image.tif,34,2168.19,666.91,2167.04,664.61,2.571,1
ID2_27_Image,ID2_27_Image.png,ID2_27_Image.tif,35,2199.05,651.14,2198.07,648.52,2.806,1
ID2_27_Image,ID2_27_Image.png,ID2_27_Image.tif,36,1616.60,1212.45,1623.17,1212.06,6.580,2
ID2_27_Image,ID2_27_Image.png,ID2_27_Image.tif,37,1614.11,1148.09,1623.82,1147.30,9.751,2
ID2_27_Image,ID2_27_Image.png,ID2_27_Image.tif,38,1618.96,1086.10,1626.98,1085.57,8.030,2
ID2_27_Image,ID2_27_Image.png,ID2_27_Image.tif,39,1612.27,1039.47,1621.20,1038.55,8.978,2
ID2_27_Image,ID2_27_Image.png,ID2_27_Image.tif,40,1605.04,987.98,1614.24,985.49,9.527,2
ID2_27_Image,ID2_27_Image.png,ID2_27_Image.tif,41,1596.37,932.42,1602.81,930.85,6.626,2
ID2_27_Image,ID2_27_Image.png,ID2_27_Image.tif,42,1612.40,907.60,1610.30,903.13,4.935,2
ID2_27_Image,ID2_27_Image.png,ID2_27_Image.tif,43,1593.48,893.41,1589.15,893.67,4.342,2
ID2_27_Image,ID2_27_Image.png,ID2_27_Image.tif,44,1580.87,859.66,1583.50,856.90,3.809,2
ID2_27_Image,ID2_27_Image.png,ID2_27_Image.tif,45,1649.57,890.39,1646.55,886.45,4.965,2
ID2_27_Image,ID2_27_Image.png,ID2_27_Image.tif,46,1655.08,828.00,1658.24,827.35,3.221,2
ID2_27_Image,ID2_27_Image.png,ID2_27_Image.tif,47,1560.78,824.19,1564.59,823.80,3.829,2
ID2_27_Image,ID2_27_Image.png,ID2_27_Image.tif,48,1546.99,793.20,1549.61,791.62,3.063,2
ID2_27_Image,ID2_27_Image.png,ID2_27_Image.tif,49,1655.08,776.91,1651.93,775.99,3.284,2
ID2_27_Image,ID2_27_Image.png,ID2_27_Image.tif,50,1527.55,744.07,1531.09,742.50,3.880,2
ID2_27_Image,ID2_27_Image.png,ID2_27_Image.tif,51,1510.08,703.09,1512.71,701.78,2.937,2
ID2_27_Image,ID2_27_Image.png,ID2_27_Image.tif,52,1682.80,724.24,1685.56,725.42,3.002,2
ID2_27_Image,ID2_27_Image.png,ID2_27_Image.tif,53,1716.82,679.06,1719.71,681.42,3.733,2
ID2_27_Image,ID2_27_Image.png,ID2_27_Image.tif,54,1758.19,627.83,1760.29,629.67,2.792,2
ID2_27_Image,ID2_27_Image.png,ID2_27_Image.tif,55,1835.29,522.49,1838.57,523.41,3.409,2
ID2_27_Image,ID2_27_Image.png,ID2_27_Image.tif,56,1463.32,639.52,1465.55,637.95,2.733,2
ID2_27_Image,ID2_27_Image.png,ID2_27_Image.tif,57,1484.73,667.50,1486.04,665.66,2.260,1
ID2_27_Image,ID2_27_Image.png,ID2_27_Image.tif,58,1270.75,601.12,1272.52,599.27,2.556,2
ID2_27_Image,ID2_27_Image.png,ID2_27_Image.tif,59,1252.09,572.62,1254.19,571.62,2.331,2
ID2_27_Image,ID2_27_Image.png,ID2_27_Image.tif,60,1207.12,540.01,1208.80,538.33,2.378,2
ID2_27_Image,ID2_27_Image.png,ID2_27_Image.tif,61,1179.80,508.99,1181.56,507.23,2.496,2
ID2_27_Image,ID2_27_Image.png,ID2_27_Image.tif,62,1159.04,480.41,1161.89,479.82,2.918,2
ID2_27_Image,ID2_27_Image.png,ID2_27_Image.tif,63,1160.04,414.25,1162.40,415.26,2.561,2
ID2_27_Image,ID2_27_Image.png,ID2_27_Image.tif,64,1150.38,448.13,1151.89,448.05,1.515,2
ID2_27_Image,ID2_27_Image.png,ID2_27_Image.tif,65,1153.91,339.77,1155.84,338.51,2.308,2
ID2_27_Image,ID2_27_Image.png,ID2_27_Image.tif,66,1143.48,315.56,1145.59,314.73,2.264,2
ID2_27_Image,ID2_27_Image.png,ID2_27_Image.tif,67,1138.19,298.58,1140.04,298.17,1.897,2
ID2_27_Image,ID2_27_Image.png,ID2_27_Image.tif,68,1140.12,269.75,1143.15,269.92,3.031,2
ID2_27_Image,ID2_27_Image.png,ID2_27_Image.tif,69,1146.09,215.70,1148.02,215.70,1.934,2
ID2_27_Image,ID2_27_Image.png,ID2_27_Image.tif,70,1149.20,172.32,1151.30,172.16,2.109,2
ID2_27_Image,ID2_27_Image.png,ID2_27_Image.tif,71,1153.07,139.37,1154.92,139.04,1.880,2
ID2_27_Image,ID2_27_Image.png,ID2_27_Image.tif,72,412.49,629.28,412.99,628.19,1.203,2
ID2_27_Image,ID2_27_Image.png,ID2_27_Image.tif,73,442.08,639.71,442.92,636.17,3.630,2
ID2_27_Image,ID2_27_Image.png,ID2_27_Image.tif,74,477.89,644.08,477.97,641.05,3.027,2
ID2_27_Image,ID2_27_Image.png,ID2_27_Image.tif,75,503.19,646.85,503.19,643.07,3.782,2
ID2_27_Image,ID2_27_Image.png,ID2_27_Image.tif,76,548.92,656.43,550.35,652.48,4.201,2
ID2_27_Image,ID2_27_Image.png,ID2_27_Image.tif,77,580.61,668.54,583.30,665.09,4.372,2
ID2_27_Image,ID2_27_Image.png,ID2_27_Image.tif,78,603.81,680.31,610.03,670.81,11.354,2
ID2_27_Image,ID2_27_Image.png,ID2_27_Image.tif,79,666.44,702.16,667.95,697.46,4.944,2
ID2_27_Image,ID2_27_Image.png,ID2_27_Image.tif,80,702.16,719.14,704.77,714.69,5.161,2
ID2_27_Image,ID2_27_Image.png,ID2_27_Image.tif,81,719.82,709.48,724.19,711.49,4.814,2
ID2_27_Image,ID2_27_Image.png,ID2_27_Image.tif,82,738.31,686.36,741.42,688.97,4.058,2
ID2_27_Image,ID2_27_Image.png,ID2_27_Image.tif,83,752.18,668.71,755.21,671.06,3.834,2
ID2_27_Image,ID2_27_Image.png,ID2_27_Image.tif,84,706.53,742.18,713.01,742.60,6.486,2
ID2_27_Image,ID2_27_Image.png,ID2_27_Image.tif,85,705.69,773.53,712.08,773.53,6.389,2
ID2_27_Image,ID2_27_Image.png,ID2_27_Image.tif,86,706.20,826.24,712.67,826.15,6.474,2
ID2_27_Image,ID2_27_Image.png,ID2_27_Image.tif,87,709.48,875.92,716.71,875.16,7.269,2
ID2_27_Image,ID2_27_Image.png,ID2_27_Image.tif,88,716.03,909.21,723.68,908.70,7.666,2
ID2_27_Image,ID2_27_Image.png,ID2_27_Image.tif,89,719.14,962.16,729.40,961.66,10.267,2
ID2_27_Image,ID2_27_Image.png,ID2_27_Image.tif,90,719.14,1009.57,730.58,1009.41,11.433,2
ID2_27_Image,ID2_27_Image.png,ID2_27_Image.tif,91,740.75,1026.81,741.17,1024.20,2.639,2
ID2_27_Image,ID2_27_Image.png,ID2_27_Image.tif,92,718.05,1037.65,728.39,1037.57,10.340,2
ID2_27_Image,ID2_27_Image.png,ID2_27_Image.tif,93,724.27,1078.17,732.26,1075.98,8.279,2
ID2_27_Image,ID2_27_Image.png,ID2_27_Image.tif,94,724.86,1112.72,730.83,1112.63,5.969,2
ID2_27_Image,ID2_27_Image.png,ID2_27_Image.tif,95,743.77,1090.36,750.33,1090.11,6.561,2
ID2_27_Image,ID2_27_Image.png,ID2_27_Image.tif,96,722.93,1136.25,726.71,1136.67,3.805,2
ID2_27_Image,ID2_27_Image.png,ID2_27_Image.tif,97,753.10,1143.57,759.83,1141.97,6.911,2
ID2_27_Image,ID2_27_Image.png,ID2_27_Image.tif,98,715.11,1162.31,718.39,1164.84,4.136,2
ID2_27_Image,ID2_27_Image.png,ID2_27_Image.tif,99,758.65,1179.04,764.70,1177.70,6.200,2
ID2_27_Image,ID2_27_Image.png,ID2_27_Image.tif,100,776.64,1198.46,779.41,1194.42,4.897,2
ID2_27_Image,ID2_27_Image.png,ID2_27_Image.tif,101,697.03,1185.01,698.46,1186.19,1.851,1
ID2_27_Image,ID2_27_Image.png,ID2_27_Image.tif,102,690.90,1202.66,695.18,1201.99,4.339,2
ID2_27_Image,ID2_27_Image.png,ID2_27_Image.tif,103,3618.68,726.24,3620.32,728.69,2.944,2
ID2_27_Image,ID2_27_Image.png,ID2_27_Image.tif,104,3621.82,718.45,3624.05,718.32,2.242,2
ID2_27_Image,ID2_27_Image.png,ID2_27_Image.tif,105,3624.10,707.81,3625.97,708.36,1.952,2
ID2_27_Image,ID2_27_Image.png,ID2_27_Image.tif,106,3625.01,697.03,3625.97,696.94,0.963,2
ID2_27_Image,ID2_27_Image.png,ID2_27_Image.tif,107,3603.82,753.39,3604.60,754.17,1.097,1
ID2_27_Image,ID2_27_Image.png,ID2_27_Image.tif,108,3616.84,659.77,3618.12,659.72,1.280,2
ID2_27_Image,ID2_27_Image.png,ID2_27_Image.tif,109,3612.95,633.10,3614.97,632.92,2.018,2
ID2_27_Image,ID2_27_Image.png,ID2_27_Image.tif,110,3612.09,610.49,3614.23,610.59,2.148,2
ID2_27_Image,ID2_27_Image.png,ID2_27_Image.tif,111,3613.14,585.70,3616.97,585.60,3.837,2
ID2_27_Image,ID2_27_Image.png,ID2_27_Image.tif,112,3608.60,533.57,3613.24,532.95,4.680,2
ID2_27_Image,ID2_27_Image.png,ID2_27_Image.tif,113,3604.94,484.78,3610.11,484.87,5.174,2
ID2_27_Image,ID2_27_Image.png,ID2_27_Image.tif,114,3603.51,426.89,3608.86,426.27,5.388,2
ID2_27_Image,ID2_27_Image.png,ID2_27_Image.tif,115,3604.41,400.76,3608.69,399.95,4.357,2
ID2_27_Image,ID2_27_Image.png,ID2_27_Image.tif,116,3595.13,355.36,3600.57,353.57,5.726,2
ID2_27_Image,ID2_27_Image.png,ID2_27_Image.tif,117,3588.89,315.84,3594.06,314.68,5.302,2
ID2_27_Image,ID2_27_Image.png,ID2_27_Image.tif,118,3588.17,287.75,3594.95,288.01,6.784,2
ID2_27_Image,ID2_27_Image.png,ID2_27_Image.tif,119,3592.01,258.04,3598.07,257.87,6.068,2
ID2_27_Image,ID2_27_Image.png,ID2_27_Image.tif,120,3587.01,221.21,3593.17,222.19,6.233,2
ID2_27_Image,ID2_27_Image.png,ID2_27_Image.tif,121,3591.20,188.74,3596.56,184.72,6.689,2
ID2_27_Image,ID2_27_Image.png,ID2_27_Image.tif,122,3588.71,151.28,3595.57,151.10,6.870,2
ID2_27_Image,ID2_27_Image.png,ID2_27_Image.tif,123,3464.22,518.55,3466.08,519.98,2.340,2
ID2_27_Image,ID2_27_Image.png,ID2_27_Image.tif,124,3429.33,551.09,3431.97,553.51,3.585,2
ID2_27_Image,ID2_27_Image.png,ID2_27_Image.tif,125,3377.45,624.51,3380.45,626.51,3.602,2
ID2_27_Image,ID2_27_Image.png,ID2_27_Image.tif,126,3360.54,655.34,3362.47,656.55,2.276,1
ID2_27_Image,ID2_27_Image.png,ID2_27_Image.tif,127,3356.41,676.03,3359.69,677.82,3.736,2
ID2_27_Image,ID2_27_Image.png,ID2_27_Image.tif,128,3342.20,733.76,3345.92,733.98,3.717,2
ID2_27_Image,ID2_27_Image.png,ID2_27_Image.tif,129,3332.50,793.34,3336.57,794.20,4.156,2
ID2_27_Image,ID2_27_Image.png,ID2_27_Image.tif,130,3329.65,819.60,3333.07,817.46,4.039,2
ID2_27_Image,ID2_27_Image.png,ID2_27_Image.tif,131,3327.51,840.80,3331.86,842.37,4.627,2
ID2_27_Image,ID2_27_Image.png,ID2_27_Image.tif,132,3318.30,887.68,3321.94,887.39,3.650,2
ID2_27_Image,ID2_27_Image.png,ID2_27_Image.tif,133,3311.02,921.14,3314.88,922.64,4.135,2
ID2_27_Image,ID2_27_Image.png,ID2_27_Image.tif,134,3312.24,938.70,3315.09,935.70,4.139,2
ID2_27_Image,ID2_27_Image.png,ID2_27_Image.tif,135,3308.03,954.47,3312.16,956.75,4.727,2
ID2_27_Image,ID2_27_Image.png,ID2_27_Image.tif,136,3302.24,990.57,3306.67,990.50,4.426,2
ID2_27_Image,ID2_27_Image.png,ID2_27_Image.tif,137,3295.11,1048.59,3299.11,1049.66,4.137,2
ID2_27_Image,ID2_27_Image.png,ID2_27_Image.tif,138,3292.61,1090.19,3296.82,1090.26,4.211,2
ID2_27_Image,ID2_27_Image.png,ID2_27_Image.tif,139,3287.21,1163.67,3293.33,1163.67,6.125,2
ID2_27_Image,ID2_27_Image.png,ID2_27_Image.tif,140,3283.46,1204.84,3287.21,1206.20,3.983,2
ID2_27_Image,ID2_27_Image.png,ID2_27_Image.tif,141,3862.58,1213.35,3868.02,1212.33,5.539,2
ID2_27_Image,ID2_27_Image.png,ID2_27_Image.tif,142,3854.75,1172.52,3861.22,1170.82,6.685,2
ID2_27_Image,ID2_27_Image.png,ID2_27_Image.tif,143,3849.99,1135.43,3855.77,1134.07,5.943,2
ID2_27_Image,ID2_27_Image.png,ID2_27_Image.tif,144,3848.29,1077.25,3851.69,1076.23,3.553,2
ID2_27_Image,ID2_27_Image.png,ID2_27_Image.tif,145,3826.85,1002.05,3832.30,1001.71,5.455,2
ID2_27_Image,ID2_27_Image.png,ID2_27_Image.tif,146,3827.19,974.15,3832.64,976.19,5.814,2
ID2_27_Image,ID2_27_Image.png,ID2_27_Image.tif,147,3831.95,904.40,3837.74,905.08,5.824,2
ID2_27_Image,ID2_27_Image.png,ID2_27_Image.tif,148,3846.93,858.80,3850.67,861.19,4.437,2
ID2_27_Image,ID2_27_Image.png,ID2_27_Image.tif,149,3861.56,820.36,3866.32,820.36,4.764,2
ID2_27_Image,ID2_27_Image.png,ID2_27_Image.tif,150,3873.47,799.60,3876.87,801.98,4.153,2
ID2_27_Image,ID2_27_Image.png,ID2_27_Image.tif,151,3898.64,735.29,3901.03,736.99,2.927,2
ID2_27_Image,ID2_27_Image.png,ID2_27_Image.tif,152,3936.07,622.67,3938.80,623.01,2.743,2
